Country,Continent,Sex,Y2019,Y2018,Y2017,Y2016,Y2015,Y2014,Y2013,Y2012,Y2011,Y2010,Y2009,income_2019
Afghanistan,Eastern Mediterranean,Female,5.67,5.57,5.5,5.83,5.78,5.88,6,6.08,6.24,6.44,6.59,507.1033919
Afghanistan,Eastern Mediterranean,Both sexes,5.96,5.91,5.95,6.01,5.99,6.02,6.17,6.24,6.42,6.67,6.84,507.1033919
Afghanistan,Eastern Mediterranean,Male,6.19,6.19,6.34,6.15,6.14,6.11,6.29,6.35,6.56,6.85,7.03,507.1033919
Albania,Europe,Female,2.22,2.38,2.54,2.68,2.81,2.91,3.23,3.15,8.22,5.92,5.84,5355.847795
Albania,Europe,Male,5.27,5.55,5.73,5.7,5.7,6.18,6.53,6.58,7.26,9.45,10.21,5355.847795
Albania,Europe,Both sexes,3.72,3.94,4.11,4.17,4.23,4.52,4.84,4.82,7.63,7.63,7.96,5355.847795
Algeria,Africa,Female,1.9,1.91,1.9,1.94,2.01,2.02,2.06,2.1,2.13,2.19,2.29,3975.508993
Algeria,Africa,Male,3.3,3.24,3.18,3.29,3.44,3.53,3.64,3.68,3.74,3.81,4.02,3975.508993
Algeria,Africa,Both sexes,2.6,2.58,2.54,2.61,2.72,2.78,2.85,2.89,2.94,3,3.15,3975.508993
Angola,Africa,Female,4.68,4.64,4.86,5.1,5.06,4.84,5.22,5.37,5.24,5.61,5.35,2809.626088
Angola,Africa,Male,21.71,21.28,21.04,21.84,22.69,22.62,24.27,24.1,22.84,23.92,22.99,2809.626088
Angola,Africa,Both sexes,12.55,12.35,12.36,12.87,13.27,13.14,14.16,14.16,13.49,14.21,13.65,2809.626088
Antigua and Barbuda,Americas,Both sexes,0.32,0.32,0,0.49,0.42,0.44,0,0,0.16,0.13,0,17113.34977
Antigua and Barbuda,Americas,Female,0.6,0.61,0,0.93,0.79,0.83,0,0,0.17,0,0,17113.34977
Antigua and Barbuda,Americas,Male,0,0,0,0,0,0,0,0,0.15,0.28,0,17113.34977
Argentina,Americas,Male,13.48,14.91,14.31,13.55,13.51,15.07,14.2,15.05,14.01,14.31,14.04,9912.281809
Argentina,Americas,Both sexes,8.14,8.99,8.69,8.06,8.1,9.16,8.45,8.96,8.42,8.43,8.35,9912.281809
Argentina,Americas,Female,3.31,3.59,3.55,3.08,3.23,3.71,3.14,3.42,3.3,3.11,3.21,9912.281809
Armenia,Europe,Female,1.02,0.7,0.9,1.67,2.56,2.9,3.72,3.19,3,2.89,1.41,4622.738182
Armenia,Europe,Both sexes,2.66,1.65,2.43,4.43,4.7,4.63,5.31,6.39,5.74,5.86,4.06,4622.738182
Armenia,Europe,Male,4.92,2.92,4.68,8.06,7.57,6.84,7.15,10.33,8.96,9.92,7.79,4622.738182
Australia,Western Pacific,Both sexes,11.25,11.26,11.79,10.92,11.81,11.31,10.24,10.48,10.06,10.41,10.01,55057.2047
Australia,Western Pacific,Male,16.97,17.14,17.71,16.33,17.74,16.95,15.26,15.37,15.19,15.94,15.23,55057.2047
Australia,Western Pacific,Female,5.58,5.42,5.92,5.56,5.97,5.75,5.29,5.66,4.97,4.92,4.83,55057.2047
Austria,Europe,Male,16.56,18.01,17.49,17.11,17.91,18.97,17.97,19.33,19.43,19.58,19.23,50121.55421
Austria,Europe,Female,4.64,4.83,4.55,5.65,5.37,5.63,5.54,4.8,5.79,5.46,5.24,50121.55421
Austria,Europe,Both sexes,10.4,11.19,10.77,11.13,11.39,12.04,11.45,11.78,12.28,12.21,11.89,50121.55421
Azerbaijan,Europe,Female,1.48,1.49,1.53,1.54,1.56,1.59,1.63,1.75,1.8,1.87,1.92,4805.753718
Azerbaijan,Europe,Both sexes,3.97,3.92,3.91,3.92,3.99,4.1,4.19,4.31,4.44,4.53,4.64,4805.753718
Azerbaijan,Europe,Male,6.61,6.52,6.48,6.51,6.64,6.83,6.99,7.12,7.33,7.44,7.62,4805.753718
Bahrain,Eastern Mediterranean,Both sexes,7.2,7.04,6.73,6.48,6.32,6.37,6.15,6.44,6.88,7.16,7.65,23443.43483
Bahrain,Eastern Mediterranean,Female,2.27,2.29,2.29,2.31,2.37,2.45,2.5,2.62,2.91,2.98,3.2,23443.43483
Bahrain,Eastern Mediterranean,Male,9.86,9.65,9.25,8.91,8.67,8.72,8.33,8.7,9.22,9.63,10.25,23443.43483
Bangladesh,South-East Asia,Both sexes,3.85,3.75,3.68,3.6,3.64,3.73,3.8,4,4.34,4.82,5.06,1855.69151
Bangladesh,South-East Asia,Female,1.66,1.65,1.64,1.72,1.81,1.84,1.98,2.19,2.27,2.47,2.61,1855.69151
Bangladesh,South-East Asia,Male,6.02,5.82,5.68,5.45,5.43,5.57,5.55,5.75,6.34,7.09,7.4,1855.69151
Barbados,Americas,Female,0.16,0.16,0.16,0.16,0.16,0.16,0,0.25,0.22,0.3,0.23,18148.49785
Barbados,Americas,Both sexes,0.31,0.31,0.32,0.33,0.31,0.32,0.1,0.21,0.64,1.22,1.13,18148.49785
Barbados,Americas,Male,0.49,0.5,0.51,0.53,0.5,0.52,0.25,0.18,1.12,2.24,2.16,18148.49785
Belarus,Europe,Both sexes,16.49,17.94,18.46,19.4,19.55,21.59,22.82,24.63,30.16,29.89,30.41,6839.103833
Belarus,Europe,Male,30.12,32.81,33.81,35.51,35.97,39.66,41.76,45.08,55.29,55.1,55.67,6839.103833
Belarus,Europe,Female,5.28,5.62,5.72,5.96,5.86,6.28,6.81,7.32,8.59,8.33,8.93,6839.103833
Belgium,Europe,Male,19.55,20.25,20.77,21.68,20.7,21.67,22.12,24.46,23.92,24.03,24.39,46414.43523
Belgium,Europe,Both sexes,13.93,14.32,14.59,15.02,14.41,15.13,15.38,16.42,16.71,16.52,16.71,46414.43523
Belgium,Europe,Female,8.41,8.51,8.56,8.54,8.27,8.8,8.84,8.65,9.77,9.24,9.3,46414.43523
Belize,Americas,Female,1.83,1.65,1.66,1.54,1.61,1.71,1.79,1.91,2.06,2.14,2.01,5078.809944
Belize,Americas,Male,13.64,12.79,13.89,11.88,12.18,12.13,11.9,12.85,13.84,14.26,12.97,5078.809944
Belize,Americas,Both sexes,7.65,7.16,7.71,6.67,6.87,6.89,6.83,7.35,7.92,8.18,7.48,5078.809944
Benin,Africa,Both sexes,12.71,12.97,13.11,13.27,13.38,13.65,13.84,13.94,14.14,14.14,14.24,1219.515479
Benin,Africa,Female,6.09,6.17,6.27,6.34,6.39,6.52,6.62,6.66,6.78,6.81,6.84,1219.515479
Benin,Africa,Male,20.29,20.79,21,21.31,21.52,21.97,22.31,22.52,22.86,22.87,23.06,1219.515479
Bhutan,South-East Asia,Female,3.08,3.11,3.16,3.08,3.14,3.15,3.19,3.14,3.14,3.18,3.3,3316.167022
Bhutan,South-East Asia,Male,6.77,6.82,6.84,6.74,6.91,6.95,6.95,7.01,7.01,7.01,7.17,3316.167022
Bhutan,South-East Asia,Both sexes,5.07,5.11,5.14,5.05,5.16,5.19,5.2,5.22,5.21,5.24,5.38,3316.167022
Bosnia and Herzegovina,Europe,Male,13.48,13.35,13.1,13.23,13.57,13.41,13.53,13.3,13.81,13.66,14.12,6120.112626
Bosnia and Herzegovina,Europe,Female,3.41,3.41,3.45,3.46,3.56,3.45,3.41,3.4,3.39,3.45,3.48,6120.112626
Bosnia and Herzegovina,Europe,Both sexes,8.25,8.18,8.07,8.13,8.33,8.2,8.23,8.11,8.35,8.3,8.54,6120.112626
Botswana,Africa,Female,7.79,8.88,9.23,9.6,10.26,10.67,10,10.39,10.88,10.47,12.19,7970.796968
Botswana,Africa,Male,35.54,38.36,38.62,39.52,42.34,43.42,49.06,50.96,50.38,55.07,55.18,7970.796968
Botswana,Africa,Both sexes,20.22,22.06,22.32,22.9,24.55,25.35,27.75,28.99,29.09,31.2,32.13,7970.796968
Brazil,Americas,Female,2.76,2.89,2.76,2.49,2.57,2.39,2.49,2.52,2.43,2.4,2.32,8897.48777
Brazil,Americas,Both sexes,6.41,6.51,6.19,5.67,5.6,5.4,5.41,5.29,5.19,5,5.19,8897.48777
Brazil,Americas,Male,10.32,10.41,9.88,9.12,8.9,8.67,8.58,8.32,8.21,7.86,8.35,8897.48777
Brunei Darussalam,Western Pacific,Male,4.24,4.91,5.35,3.87,2.55,1.8,2.05,3.02,3.2,1.7,2,31085.96189
Brunei Darussalam,Western Pacific,Both sexes,2.54,3.04,3.25,2.38,1.63,1.7,1.82,2.18,1.66,1.14,1.58,31085.96189
Brunei Darussalam,Western Pacific,Female,0.78,0.99,0.97,0.68,0.63,1.54,1.48,1.2,0,0.56,1.13,31085.96189
Bulgaria,Europe,Male,10.57,10.51,11.01,10.71,11.13,11.74,12.27,14.42,13.27,13.83,14.05,9828.148515
Bulgaria,Europe,Female,2.86,3.14,2.8,2.86,2.77,2.93,2.88,3.59,2.91,3.63,3.51,9828.148515
Bulgaria,Europe,Both sexes,6.5,6.6,6.65,6.57,6.77,7.13,7.35,8.75,7.9,8.45,8.51,9828.148515
Burkina Faso,Africa,Both sexes,14.38,14.68,14.85,15.16,15.44,15.66,16.09,16.11,15.65,15.82,15.7,786.8954377
Burkina Faso,Africa,Female,6.5,6.61,6.72,6.96,7.16,7.28,7.48,7.46,7.35,7.59,7.71,786.8954377
Burkina Faso,Africa,Male,24.45,25.03,25.33,25.79,26.26,26.63,27.39,27.52,26.73,26.85,26.44,786.8954377
Burundi,Africa,Both sexes,12.12,12.31,12.46,12.61,12.75,13.14,13.75,14.09,14.51,14.92,15.22,261.2452912
Burundi,Africa,Male,18.91,19.24,19.4,19.48,19.54,20.01,21.04,21.49,21.92,22.42,22.76,261.2452912
Burundi,Africa,Female,6.35,6.43,6.59,6.85,7.1,7.41,7.67,7.93,8.38,8.73,9.02,261.2452912
Cabo Verde,Africa,Both sexes,15.23,15.96,16.16,16.53,16.73,16.91,17.46,17.98,18.21,18.44,18.44,3603.775241
Cabo Verde,Africa,Male,27.4,28.88,27.83,28.27,28.66,29.01,30.02,31.02,31.59,32.02,32.31,3603.775241
Cabo Verde,Africa,Female,5.06,5.16,5.31,5.51,5.6,5.67,5.83,5.89,5.79,5.94,6.08,3603.775241
Cambodia,Western Pacific,Male,8.38,8.56,8.64,8.77,8.78,8.82,9.05,9.3,9.46,9.62,9.69,1643.121389
Cambodia,Western Pacific,Both sexes,5.49,5.59,5.64,5.75,5.75,5.8,5.96,6.12,6.22,6.34,6.39,1643.121389
Cambodia,Western Pacific,Female,3.05,3.09,3.11,3.19,3.21,3.26,3.37,3.46,3.51,3.6,3.65,1643.121389
Cameroon,Africa,Both sexes,15.92,15.93,16.15,16.62,17.09,17.94,18.71,19.15,19.41,19.51,19.97,1507.449798
Cameroon,Africa,Male,25.15,25.32,25.74,26.39,27.01,28.2,29.5,30.82,30.88,30.93,31.63,1507.449798
Cameroon,Africa,Female,7.59,7.48,7.55,7.89,8.28,8.81,9.09,8.7,9.18,9.37,9.6,1507.449798
Canada,Americas,Male,15.35,15.57,17.63,15.32,16.42,15.95,15.02,14.94,14.13,15.14,15.53,46326.67264
Canada,Americas,Both sexes,10.34,10.5,11.68,10.37,11.16,10.86,10.19,10.07,9.63,10.26,10.24,46326.67264
Canada,Americas,Female,5.38,5.47,5.77,5.47,5.98,5.86,5.46,5.27,5.19,5.45,5.04,46326.67264
Central African Republic,Africa,Male,39.64,40.82,44.9,44.04,45.47,47.97,46.07,45.13,46.3,47.13,47.81,467.9080218
Central African Republic,Africa,Both sexes,22.96,23.65,25.73,25.25,26.31,27.59,26.95,26.64,27.57,28.12,28.53,467.9080218
Central African Republic,Africa,Female,9.3,9.5,9.64,9.61,10.39,10.36,10.93,11.23,11.96,12.29,12.39,467.9080218
Chad,Africa,Both sexes,13.22,13.57,13.77,13.68,13.97,14.6,15.13,15.6,15.89,15.97,15.8,709.5400432
Chad,Africa,Female,6.88,7.13,7.33,7.24,7.33,7.64,7.88,8.03,8.06,8.02,7.9,709.5400432
Chad,Africa,Male,20.21,20.65,20.86,20.81,21.32,22.29,23.14,23.98,24.57,24.8,24.59,709.5400432
Chile,Americas,Male,13.4,13.23,14.14,15.45,14.84,15.32,15.26,16.56,18.46,18.27,19.95,14741.7144
Chile,Americas,Both sexes,8.04,7.96,8.39,9.18,9.17,9.13,9.15,9.86,11,11.01,12.12,14741.7144
Chile,Americas,Female,2.98,2.98,2.98,3.27,3.87,3.32,3.4,3.56,4.01,4.22,4.78,14741.7144
China,Western Pacific,Female,4.8,4.91,4.98,5.11,5.25,5.57,5.93,6.41,7.14,7.81,8.4,10216.63033
China,Western Pacific,Both sexes,6.67,6.81,6.89,6.99,7.08,7.35,7.65,8.14,8.84,9.59,10.09,10216.63033
China,Western Pacific,Male,8.63,8.79,8.9,8.98,9.04,9.27,9.53,10.04,10.71,11.54,11.95,10216.63033
Colombia,Americas,Both sexes,3.74,3.87,4.5,4.11,4.04,3.69,3.62,3.81,3.67,3.85,4.15,6424.979492
Colombia,Americas,Female,1.71,1.69,1.82,1.6,1.82,1.4,1.49,1.5,1.48,1.49,1.73,6424.979492
Colombia,Americas,Male,5.96,6.26,7.43,6.86,6.5,6.19,5.96,6.34,6.08,6.45,6.84,6424.979492
Comoros,Africa,Female,5.82,5.85,5.92,6.03,6.1,6.17,6.05,6.16,6.22,6.46,6.22,1370.140123
Comoros,Africa,Male,11.33,11.34,11.48,11.68,11.77,11.84,11.25,11.35,11.13,11.85,11.17,1370.140123
Comoros,Africa,Both sexes,8.46,8.48,8.58,8.72,8.8,8.87,8.51,8.62,8.53,9.01,8.55,1370.140123
Costa Rica,Americas,Female,1.93,2.1,2.23,2.21,2.18,1.8,1.68,1.88,2.26,1.89,1.72,12669.70608
Costa Rica,Americas,Male,13.35,11.51,9.36,12.41,10.69,8.95,11.25,10.87,11.2,11.71,9.48,12669.70608
Costa Rica,Americas,Both sexes,7.62,6.79,5.79,7.29,6.41,5.35,6.42,6.34,6.7,6.76,5.55,12669.70608
Croatia,Europe,Female,5.08,5.13,5.02,5,5.76,6,4.79,5.35,5.56,5.94,4.72,14944.35622
Croatia,Europe,Male,17.69,17.84,17.48,18.79,19.42,19.65,20.59,21.79,18.86,21.49,22.84,14944.35622
Croatia,Europe,Both sexes,11.01,11.1,10.87,11.48,12.15,12.4,12.31,13.11,11.76,13.2,13.24,14944.35622
Cuba,Americas,Both sexes,10.19,10.17,10.53,9.73,10.36,10.23,10.64,10.74,11.13,11.45,11.08,9099.673146
Cuba,Americas,Male,16.67,16.64,16.99,16.05,17.09,16.61,17.49,17.73,18.17,18.55,17.58,9099.673146
Cuba,Americas,Female,4.08,4.07,4.44,3.79,4.05,4.2,4.21,4.16,4.49,4.75,4.94,9099.673146
Cyprus,Europe,Female,1.06,1.35,0.91,1.09,1.84,2.58,1.13,0.66,0.78,1.87,1.2,28288.46158
Cyprus,Europe,Both sexes,3.18,3.64,3.28,4.15,4.17,4.77,5.1,4.9,3.7,4.63,3.99,28288.46158
Cyprus,Europe,Male,5.3,5.85,5.68,7.2,6.46,7.01,9.07,9.14,6.75,7.5,6.78,28288.46158
Denmark,Europe,Both sexes,7.63,8.18,8.28,8.24,8.07,9.09,8.98,9.82,9.67,8.92,9.81,60213.09215
Denmark,Europe,Male,11.1,11.91,11.88,12.15,11.26,13.63,13.29,14.87,14.53,13.06,15.42,60213.09215
Denmark,Europe,Female,4.24,4.5,4.78,4.4,4.93,4.57,4.81,4.89,4.87,4.93,4.35,60213.09215
Djibouti,Eastern Mediterranean,Female,7.56,7.73,7.73,7.6,7.54,7.6,7.55,7.31,7.28,7.31,7.15,3414.935393
Djibouti,Eastern Mediterranean,Male,16.25,16.53,16.83,16.5,16.2,16.72,16.64,16.44,16.37,16.17,15.9,3414.935393
Djibouti,Eastern Mediterranean,Both sexes,11.95,12.17,12.32,12.08,11.89,12.19,12.13,11.9,11.84,11.72,11.47,3414.935393
Dominican Republic,Americas,Both sexes,5.11,5.49,6.02,6.77,6.84,6.59,6.06,5.8,5.5,5.38,5.63,8282.117131
Dominican Republic,Americas,Female,1.85,1.98,2.17,2.38,2.4,2.28,2.09,1.98,1.89,1.84,1.95,8282.117131
Dominican Republic,Americas,Male,8.53,9.16,10.04,11.34,11.45,11.06,10.16,9.74,9.21,9.02,9.41,8282.117131
Ecuador,Americas,Female,3.6,3.8,4.19,4.26,4.22,4.46,4.81,5.07,5.17,5.42,5.51,6222.524653
Ecuador,Americas,Male,11.88,12.55,14.46,13.98,13.67,13.47,14.68,15.58,14.99,15.08,16.14,6222.524653
Ecuador,Americas,Both sexes,7.68,8.12,9.26,9.06,8.88,8.9,9.68,10.26,10.01,10.18,10.76,6222.524653
El Salvador,Americas,Both sexes,6.11,6.07,6.16,5.77,6.78,5.96,6.72,6.97,8.02,6.4,8.95,4167.730939
El Salvador,Americas,Male,11.14,11,11.13,10.22,12.47,10.09,12.31,12.44,14.42,11.65,16.81,4167.730939
El Salvador,Americas,Female,2.08,2.12,2.17,2.2,2.05,2.63,2.3,2.58,2.65,2.1,2.43,4167.730939
Equatorial Guinea,Africa,Both sexes,13.51,14.06,13.16,14.97,15.33,14.22,13.76,15.53,16.64,15.27,13.89,8419.933336
Equatorial Guinea,Africa,Male,18.48,19.66,17.89,20.29,20.6,19.54,19.14,21.87,23.51,20.8,18.47,8419.933336
Equatorial Guinea,Africa,Female,8.83,8.45,8.62,9.64,10.04,8.89,8.29,8.74,9.12,9.65,9.59,8419.933336
Eritrea,Africa,Female,8.28,8.49,8.56,8.74,8.89,8.92,9.07,9.26,9.42,9.62,9.78,NA
Eritrea,Africa,Both sexes,17.26,17.84,18,18.3,18.69,18.87,19.24,19.73,20.16,20.53,20.86,NA
Eritrea,Africa,Male,27.16,28.13,28.4,28.82,29.48,29.79,30.4,31.21,31.93,32.48,32.99,NA
Estonia,Europe,Female,4.49,4.52,6.28,4.79,3.83,5.2,4.36,4.91,4.4,4.61,4.88,23717.79945
Estonia,Europe,Both sexes,11.96,11.56,15.17,12.49,13.36,16.16,14.9,17.15,14.75,15.42,19.21,23717.79945
Estonia,Europe,Male,20.16,19.68,25.01,21.31,24.1,28.58,26.96,30.87,26.72,27.57,35.22,23717.79945
Eswatini,Africa,Male,78.67,78.8,83.61,88.77,92.27,99,110,116.2,114.5,119.1,125.1,3894.66963
Eswatini,Africa,Both sexes,40.46,40.13,42.91,46.24,49.19,54.63,62.02,66.26,65.99,70.49,75.15,3894.66963
Eswatini,Africa,Female,6.41,5.84,7.03,9.06,11.89,16.45,20.95,23.69,24.79,29.05,33.08,3894.66963
Ethiopia,Africa,Both sexes,9.45,9.54,9.63,9.78,9.98,10.02,10.43,11.34,12.38,13.1,13.67,855.7608852
Ethiopia,Africa,Male,14.16,14.34,14.47,14.68,14.95,15,15.68,16.83,18.22,19.12,19.63,855.7608852
Ethiopia,Africa,Female,5.18,5.19,5.25,5.34,5.48,5.49,5.66,6.33,7.05,7.6,8.22,855.7608852
Fiji,Western Pacific,Female,5.96,6.05,6.13,6.09,6.08,6.18,6.19,6.28,6.3,6.44,6.65,6175.874841
Fiji,Western Pacific,Male,13.08,13.4,13.68,13.95,13.93,14.31,14.75,14.65,14.29,13.75,13.62,6175.874841
Fiji,Western Pacific,Both sexes,9.51,9.72,9.91,10.03,10.01,10.27,10.51,10.5,10.33,10.12,10.16,6175.874841
Finland,Europe,Female,6.78,7.22,8.03,6.14,5.38,6.68,7.68,7.27,7.11,7.83,9.42,48711.56421
Finland,Europe,Both sexes,13.43,14.41,14.4,13.26,12.15,13.65,15.04,14.91,15.68,16.44,17.89,48711.56421
Finland,Europe,Male,20.09,21.6,20.77,20.41,18.91,20.71,22.5,22.63,24.39,25.08,26.48,48711.56421
France,Europe,Female,4.54,4.73,4.92,5,5.34,5.71,6.17,6.56,6.84,7.18,7.16,40380.09877
France,Europe,Male,15.16,15.8,16.35,16.89,18.14,17.68,19.37,20.75,20.98,21.21,21.65,40380.09877
France,Europe,Both sexes,9.65,10.05,10.4,10.7,11.48,11.45,12.5,13.36,13.59,13.89,14.08,40380.09877
Gabon,Africa,Male,23.31,24,24.48,25.67,26.55,26.99,24.29,24.95,27.52,27.37,27.48,7767.016979
Gabon,Africa,Both sexes,13.11,13.56,13.85,14.55,15.17,15.39,13.57,13.97,15.78,15.77,15.89,7767.016979
Gabon,Africa,Female,3.81,4.01,4.14,4.4,4.84,4.85,3.97,4.2,5.34,5.6,5.74,7767.016979
Georgia,Europe,Male,13.97,14.27,14.68,16.38,15.88,15.49,14.96,14.05,13.03,12.67,12.76,4697.983652
Georgia,Europe,Both sexes,7.65,7.85,8.07,9.03,8.79,8.58,8.17,7.65,7.2,6.98,7.36,4697.983652
Georgia,Europe,Female,2.17,2.27,2.32,2.58,2.63,2.6,2.29,2.13,2.21,2.08,2.7,4697.983652
Germany,Europe,Both sexes,8.27,8.46,8.34,8.82,9,9.19,9.22,8.98,9.25,9.5,9.13,46467.5162
Germany,Europe,Male,12.8,13.11,12.94,13.53,13.53,14.17,14.13,13.65,14.46,14.8,14.35,46467.5162
Germany,Europe,Female,3.91,3.99,3.94,4.34,4.73,4.49,4.6,4.57,4.33,4.51,4.24,46467.5162
Ghana,Africa,Male,20.04,20.49,21.43,22.18,22.65,23.23,23.83,24.12,24.28,24.39,23.83,2210.355923
Ghana,Africa,Both sexes,10.54,10.79,11.31,11.74,12.02,12.4,12.79,12.99,13.11,13.26,13.03,2210.355923
Ghana,Africa,Female,1.79,1.84,1.97,2.09,2.21,2.4,2.58,2.71,2.82,3.03,3.11,2210.355923
Greece,Europe,Female,1.45,1.45,1.53,1.28,1.54,1.67,1.63,1.38,1.32,0.6,0.83,19150.7862
Greece,Europe,Both sexes,3.62,3.65,3.79,3.42,3.78,4.04,3.96,3.73,3.51,2.72,2.87,19150.7862
Greece,Europe,Male,5.9,5.96,6.13,5.67,6.11,6.51,6.39,6.2,5.8,4.94,4.98,19150.7862
Grenada,Americas,Female,0.73,0.71,0.56,0.86,0.27,0.83,0.5,0.51,0,0,0,10815.91136
Grenada,Americas,Male,0.53,0,0.78,0.88,0.88,0,1.78,2.77,3.18,1.72,1.37,10815.91136
Grenada,Americas,Both sexes,0.64,0.35,0.67,0.91,0.62,0.45,1.12,1.64,1.57,0.73,0.52,10815.91136
Guatemala,Americas,Female,2.53,2.59,2.65,2.8,2.86,2.86,2.94,3.01,3.11,3.42,3.72,4638.634943
Guatemala,Americas,Both sexes,6.23,6.31,6.01,6.21,6.4,6.41,6.67,7.01,7.63,8.66,9.46,4638.634943
Guatemala,Americas,Male,10.31,10.42,9.76,10.04,10.38,10.42,10.91,11.56,12.73,14.58,15.99,4638.634943
Guinea,Africa,Female,8.03,8,8.31,8.43,8.46,8.31,8.56,8.37,8.39,8.22,7.85,1058.143368
Guinea,Africa,Both sexes,12.33,12.24,12.47,12.79,12.99,12.97,13.2,12.91,12.78,12.47,11.88,1058.143368
Guinea,Africa,Male,18.36,18.23,18.39,19.01,19.44,19.58,19.79,19.35,19.01,18.48,17.55,1058.143368
Guinea-Bissau,Africa,Male,19.78,20.82,20.98,21.05,20.91,22.88,24.14,24.11,24.64,25.26,25.66,749.453747
Guinea-Bissau,Africa,Female,6.69,6.79,7.03,7.12,7.15,7.44,7.64,7.5,7.81,7.88,8,749.453747
Guinea-Bissau,Africa,Both sexes,12.38,12.9,13.09,13.15,13.08,14.13,14.79,14.69,15.08,15.39,15.64,749.453747
Guyana,Americas,Female,16.96,16.74,16.34,16.08,15.85,13.57,17.12,15.86,14.84,15.83,19.47,6609.510431
Guyana,Americas,Both sexes,40.85,40.41,39.86,39.65,39.3,39.52,40.71,37.62,35.31,36.37,36.31,6609.510431
Guyana,Americas,Male,64.97,64.43,63.87,63.84,63.51,66.42,65.39,60.46,56.84,57.71,53.67,6609.510431
Haiti,Americas,Female,7.98,8.18,8.34,8.71,9.13,9.27,9.37,9.6,10.07,10.82,10.58,1272.490699
Haiti,Americas,Both sexes,11.17,11.37,11.45,11.64,11.97,12,12.03,12.18,12.46,13.2,12.76,1272.490699
Haiti,Americas,Male,14.87,15.07,15.06,15.08,15.33,15.23,15.18,15.25,15.33,16.05,15.42,1272.490699
Honduras,Americas,Male,4.39,4.42,4.63,4.54,8.33,7.34,7.03,7.13,4.39,4.48,4.6,2574.356751
Honduras,Americas,Female,0.98,0.99,1.02,1.01,1.05,1.03,1.02,1,1,1.03,1.03,2574.356751
Honduras,Americas,Both sexes,2.58,2.6,2.71,2.66,4.57,4.07,3.9,3.95,2.59,2.66,2.72,2574.356751
Hungary,Europe,Female,5.51,5.32,5.29,6.09,6.53,6.26,7,7.52,7.71,7.63,7.93,16733.32217
Hungary,Europe,Both sexes,11.77,12.58,12.62,13.34,14.6,14.96,16.14,18.37,18.95,19.17,19.54,16733.32217
Hungary,Europe,Male,19.15,21.17,21.12,21.85,24.01,25.01,26.76,30.94,31.75,32.64,32.95,16733.32217
Iceland,Europe,Female,3.48,3.48,2.31,3.98,5.15,8.09,6.35,8.03,4.82,5.3,7.59,68883.14877
Iceland,Europe,Both sexes,11.15,10.12,11.66,12.26,13.17,14.37,12.45,12.53,10.69,11.79,12.88,68883.14877
Iceland,Europe,Male,18.67,16.64,20.78,20.3,21.03,20.56,18.54,17.01,16.46,18.18,18.12,68883.14877
India,South-East Asia,Male,14.69,14.69,14.27,14.41,14.78,15.66,16.8,17.6,17.89,17.96,18.37,2100.751461
India,South-East Asia,Female,11.12,11.05,10.69,10.79,11.05,11.31,12.07,12.51,13.09,13.16,12.76,2100.751461
India,South-East Asia,Both sexes,12.91,12.88,12.48,12.6,12.92,13.49,14.45,15.07,15.5,15.56,15.59,2100.751461
Indonesia,South-East Asia,Male,3.99,3.98,3.99,3.98,3.93,4,4.09,4.18,4.29,4.38,4.47,4135.201531
Indonesia,South-East Asia,Female,1.15,1.17,1.19,1.22,1.24,1.27,1.33,1.38,1.45,1.49,1.53,4135.201531
Indonesia,South-East Asia,Both sexes,2.55,2.56,2.58,2.58,2.57,2.62,2.69,2.76,2.85,2.92,2.98,4135.201531
Iraq,Eastern Mediterranean,Male,7.27,7.4,7.79,7.99,8.1,8.22,8.47,8.18,8.03,7.7,7.37,5658.492267
Iraq,Eastern Mediterranean,Female,2.4,2.53,2.74,2.84,2.9,2.95,3.14,3.18,3.21,3.16,3.06,5658.492267
Iraq,Eastern Mediterranean,Both sexes,4.74,4.88,5.17,5.33,5.4,5.49,5.7,5.58,5.52,5.34,5.13,5658.492267
Ireland,Europe,Female,3.57,3.67,3.73,3.69,3.7,3.77,4.25,4.4,4.24,4.9,5.14,80778.82961
Ireland,Europe,Male,14.32,14.77,15.03,15.16,13.84,17.35,16.87,19.08,19.5,17.48,21.5,80778.82961
Ireland,Europe,Both sexes,8.9,9.17,9.33,9.37,8.71,10.5,10.5,11.67,11.83,11.17,13.3,80778.82961
Israel,Europe,Male,8.32,8.48,7.79,8.38,7.15,7.91,7.9,10.08,8.88,11.05,9.41,43588.71315
Israel,Europe,Female,2.13,2.2,2.3,1.87,1.87,2.29,2.38,2.15,2.29,2.35,2.61,43588.71315
Israel,Europe,Both sexes,5.15,5.26,4.96,5.03,4.45,5.03,5.06,5.99,5.45,6.56,5.91,43588.71315
Italy,Europe,Male,6.72,6.9,7.66,6.94,7.62,7.92,8.36,8.62,8.35,7.78,7.75,33566.7873
Italy,Europe,Female,2.08,2.08,2.16,1.94,2.23,2.37,2.4,2.33,2.16,2.1,2.23,33566.7873
Italy,Europe,Both sexes,4.33,4.42,4.84,4.35,4.83,5.03,5.27,5.36,5.13,4.82,4.87,33566.7873
Jamaica,Americas,Female,1,0.99,0.99,1,1.01,0.97,0.91,0.92,0.91,0.87,0.87,5369.498371
Jamaica,Americas,Both sexes,2.28,2.21,2.19,2.18,2.17,2.18,2.01,2.09,2.28,1.97,2.39,5369.498371
Jamaica,Americas,Male,3.63,3.51,3.46,3.44,3.4,3.46,3.17,3.32,3.71,3.14,4,5369.498371
Japan,Western Pacific,Male,17.53,18.85,19.41,19.74,21.39,22.43,23.88,24.38,25.93,27.38,28.57,40113.06097
Japan,Western Pacific,Both sexes,12.24,13.37,13.51,13.75,14.89,15.78,16.69,17.02,18.43,18.81,19.49,40113.06097
Japan,Western Pacific,Female,6.91,7.87,7.57,7.74,8.4,9.13,9.53,9.68,10.98,10.29,10.49,40113.06097
Jordan,Eastern Mediterranean,Male,3.03,2.94,2.83,2.8,2.79,2.78,2.82,2.92,2.94,3,3.07,4405.487109
Jordan,Eastern Mediterranean,Both sexes,1.98,1.94,1.87,1.86,1.85,1.86,1.89,1.96,1.98,2.02,2.09,4405.487109
Jordan,Eastern Mediterranean,Female,0.93,0.93,0.9,0.91,0.9,0.93,0.94,0.97,1,1.03,1.08,4405.487109
Kazakhstan,Europe,Male,30.88,33.39,36.64,38.21,40.77,42.19,45.59,47.74,49.37,51.26,51.27,9812.595808
Kazakhstan,Europe,Both sexes,18.05,19.41,21.19,22.01,23.42,24.23,26.16,27.33,28.29,29.41,29.61,9812.595808
Kazakhstan,Europe,Female,6.94,7.28,7.75,7.88,8.22,8.45,9.02,9.34,9.7,10.11,10.4,9812.595808
Kenya,Africa,Female,5.31,5.21,4.98,5.01,5.27,5.53,5.66,5.54,5.64,6.16,6.15,1816.547124
Kenya,Africa,Male,18.05,18.21,17.56,17.25,17.4,18.02,18.91,19.25,19.37,19,19.56,1816.547124
Kenya,Africa,Both sexes,11.01,11.03,10.6,10.45,10.64,11.08,11.57,11.67,11.77,11.85,12.13,1816.547124
Kiribati,Western Pacific,Female,9.45,9.35,9.69,9.78,9.91,9.99,10.15,10.16,10.31,10.29,10.36,1655.050693
Kiribati,Western Pacific,Male,53.56,53.13,55.36,55.03,55.33,55.31,56.58,55.94,57.41,57.07,57.6,1655.050693
Kiribati,Western Pacific,Both sexes,30.56,30.27,31.51,31.38,31.59,31.62,32.34,32.04,32.85,32.65,32.95,1655.050693
Kuwait,Eastern Mediterranean,Female,0.74,0.72,0.71,0.71,0.72,0.79,0.8,0.87,0.91,0.98,1.08,32373.25111
Kuwait,Eastern Mediterranean,Male,3.83,3.71,3.63,3.57,3.5,3.44,3.37,3.29,3.14,3.4,3.74,32373.25111
Kuwait,Eastern Mediterranean,Both sexes,2.66,2.56,2.5,2.45,2.4,2.38,2.34,2.31,2.24,2.43,2.68,32373.25111
Latvia,Europe,Male,29.01,27.42,30.23,30.3,30.52,30.96,30.92,35.95,33.91,35.59,39.39,17794.47862
Latvia,Europe,Both sexes,16.06,14.29,17.14,17.15,17.14,17.18,16.7,19.39,18.15,18.59,21.67,17794.47862
Latvia,Europe,Female,4.56,2.83,5.51,5.5,5.47,5.22,4.5,4.91,4.89,4.04,6.45,17794.47862
Lebanon,Eastern Mediterranean,Female,1.67,1.55,1.72,1.7,1.73,1.74,1.79,1.81,1.86,1.87,1.9,7583.699146
Lebanon,Eastern Mediterranean,Male,3.87,3.52,4.29,3.86,4.03,3.93,4.23,4.16,4.23,4.17,4.13,7583.699146
Lebanon,Eastern Mediterranean,Both sexes,2.76,2.53,2.99,2.78,2.87,2.84,3.01,2.99,3.06,3.04,3.04,7583.699146
Lesotho,Africa,Male,146.9,158.4,164,180.1,191.5,195.2,188.2,172.9,156.9,152.7,148.1,1113.37214
Lesotho,Africa,Female,34.56,34.6,35.85,41.94,45.9,46.34,44.23,40.73,34.89,30.74,30.82,1113.37214
Lesotho,Africa,Both sexes,87.48,93.07,96.29,107.1,114.5,116.2,111.4,102,91.07,86.89,84.63,1113.37214
Liberia,Africa,Both sexes,7.37,7.42,7.56,7.62,7.71,8.46,8.5,8.73,8.84,8.68,8.58,621.8929536
Liberia,Africa,Male,9.4,9,9.03,9.13,9.23,10.14,10.38,10.7,10.78,10.6,10.38,621.8929536
Liberia,Africa,Female,5.5,5.94,6.19,6.22,6.29,6.93,6.76,6.92,7.08,6.92,6.91,621.8929536
Libya,Eastern Mediterranean,Male,6.11,8.06,7.73,6.86,7.82,8.87,6.42,7.72,6.72,7.24,7.37,7685.948132
Libya,Eastern Mediterranean,Both sexes,4.49,5.7,5.48,4.95,5.48,6.06,4.78,5.55,4.98,5.44,5.65,7685.948132
Libya,Eastern Mediterranean,Female,2.9,3.34,3.22,3.04,3.14,3.22,3.11,3.34,3.21,3.58,3.86,7685.948132
Lithuania,Europe,Male,36.06,37.88,41.11,48.63,51.68,53.66,60.23,52.33,56.34,56.13,60.58,19555.21107
Lithuania,Europe,Female,6.18,6.33,8.07,6.61,8.93,8.15,11,9,10.53,9.62,9.25,19555.21107
Lithuania,Europe,Both sexes,20.15,21.08,23.49,26.21,28.93,29.44,33.97,29.22,31.85,31.32,33.09,19555.21107
Luxembourg,Europe,Female,5.43,4.93,4.45,4.61,6.19,7.36,5.08,5.48,5.55,4.87,5.05,114685.1684
Luxembourg,Europe,Male,11.81,11.14,10.62,10.55,13.03,12.81,12.6,12.42,13.18,14.36,12.97,114685.1684
Luxembourg,Europe,Both sexes,8.62,8.03,7.53,7.55,9.57,10.06,8.83,8.95,9.32,9.62,8.9,114685.1684
Madagascar,Africa,Male,13.33,13.45,13.58,13.8,13.9,14.27,14.27,14.41,14.78,14.82,14.85,526.2245722
Madagascar,Africa,Female,5.42,5.43,5.47,5.53,5.55,5.7,5.69,5.73,5.87,5.88,5.87,526.2245722
Madagascar,Africa,Both sexes,9.18,9.24,9.33,9.47,9.53,9.79,9.79,9.89,10.15,10.18,10.21,526.2245722
Malawi,Africa,Female,3.3,3.48,3.79,4.03,4.23,4.34,4.56,5.15,5.99,6.97,6.98,583.1102036
Malawi,Africa,Male,19.99,20.82,21.86,22.84,23.39,23.62,23.95,24.72,25.75,27.75,27.27,583.1102036
Malawi,Africa,Both sexes,10.58,11.04,11.67,12.25,12.59,12.77,13.04,13.7,14.59,16.03,15.87,583.1102036
Malaysia,Western Pacific,Male,9.02,8.66,8.6,8.2,7.9,7.68,7.33,7.76,7.89,7.94,8.22,11414.20269
Malaysia,Western Pacific,Female,2.39,2.37,2.4,2.41,2.41,2.41,2.36,2.46,2.47,2.53,2.62,11414.20269
Malaysia,Western Pacific,Both sexes,5.77,5.58,5.57,5.37,5.22,5.1,4.9,5.17,5.24,5.3,5.47,11414.20269
Maldives,South-East Asia,Both sexes,2.76,2.92,3.11,3.15,2.95,2.88,2.8,2.88,2.88,3.05,3.29,10626.43335
Maldives,South-East Asia,Male,4.07,4.31,4.61,4.72,4.44,4.37,4.27,4.41,4.44,4.71,5.15,10626.43335
Maldives,South-East Asia,Female,0.85,0.85,0.85,0.84,0.85,0.87,0.89,0.93,0.96,1.01,1.05,10626.43335
Mali,Africa,Male,10.46,10.47,10.5,10.73,10.89,11.15,11.29,11.32,11.27,11.22,11.45,879.1227752
Mali,Africa,Both sexes,7.96,7.98,8.04,8.29,8.46,8.65,8.75,8.73,8.68,8.69,8.87,879.1227752
Mali,Africa,Female,5.7,5.75,5.84,6.12,6.29,6.41,6.47,6.41,6.35,6.43,6.56,879.1227752
Malta,Europe,Both sexes,5.32,5.28,4.83,5.12,6.55,6.33,5.9,5.1,5.73,6.63,6.12,30186.19596
Malta,Europe,Female,2.25,2.24,1.96,2.16,2.78,2.47,2.75,1.46,1.39,1.12,1.25,30186.19596
Malta,Europe,Male,8.35,8.28,7.68,8.03,10.28,10.19,9.18,8.68,10.02,12.04,10.99,30186.19596
Mauritania,Africa,Female,3.85,3.85,3.82,3.86,3.86,3.92,3.93,4,3.95,4.05,4.12,1679.442605
Mauritania,Africa,Both sexes,5.47,5.42,5.38,5.36,5.33,5.4,5.43,5.53,5.34,5.49,5.56,1679.442605
Mauritania,Africa,Male,7.39,7.28,7.2,7.13,7.06,7.13,7.18,7.32,6.98,7.2,7.26,1679.442605
Mauritius,Africa,Both sexes,8.75,8.19,9.59,7.58,7.51,9.85,7.77,9.23,8.56,7.37,8.6,11097.58693
Mauritius,Africa,Male,15.03,12.2,14.95,12.75,11.34,15.79,12.77,14.11,13.56,12.02,13.82,11097.58693
Mauritius,Africa,Female,2.53,4.22,4.3,2.56,3.83,3.9,2.83,4.53,3.75,2.98,3.46,11097.58693
Mexico,Americas,Female,2.18,2.17,2.14,2.08,2.26,2.25,1.96,1.92,2,1.65,1.8,9946.033829
Mexico,Americas,Both sexes,5.29,5.36,5.89,5.57,5.6,5.72,5.28,4.95,5.36,4.66,4.81,9946.033829
Mexico,Americas,Male,8.69,8.84,9.94,9.37,9.24,9.5,8.91,8.25,9.02,7.96,8.11,9946.033829
Mongolia,Western Pacific,Both sexes,18.02,18.67,19.11,19.82,19.68,19.6,20.43,20.99,21.87,22.4,22.69,4339.844625
Mongolia,Western Pacific,Male,31.11,32.16,32.88,34.01,33.52,33.31,34.56,35.42,36.99,37.75,38.23,4339.844625
Mongolia,Western Pacific,Female,5.62,5.85,6.02,6.28,6.46,6.54,6.95,7.21,7.43,7.73,7.82,4339.844625
Montenegro,Europe,Female,7.88,8.08,8.07,8.1,8.43,8.41,8.23,8.49,8.31,8.18,8.55,8910.651554
Montenegro,Europe,Both sexes,16.22,16.45,16.27,16.08,16.35,16.35,16.34,17.06,17.02,16.52,17.23,8910.651554
Montenegro,Europe,Male,25.38,25.64,25.35,24.93,25.09,25.1,25.26,26.44,26.58,25.72,26.8,8910.651554
Morocco,Eastern Mediterranean,Female,4.7,4.83,4.97,5.14,5.34,5.56,5.79,6.05,6.28,6.46,6.65,3230.409722
Morocco,Eastern Mediterranean,Male,10.07,9.95,9.76,9.86,10.1,10.44,10.88,12.51,12.97,12.86,12.94,3230.409722
Morocco,Eastern Mediterranean,Both sexes,7.29,7.3,7.27,7.41,7.63,7.9,8.24,9.15,9.49,9.53,9.66,3230.409722
Mozambique,Africa,Both sexes,23.19,23.19,23.09,23.4,23.97,24.68,26.01,26.54,25.86,25.31,24.64,503.5706566
Mozambique,Africa,Male,42.56,42.76,42.92,43.53,44.44,45.6,47,47.47,46.6,45.8,44.58,503.5706566
Mozambique,Africa,Female,8.92,8.82,8.58,8.7,9.08,9.32,10.55,11.12,10.56,10.17,9.73,503.5706566
Myanmar,South-East Asia,Female,1.09,1.11,1.15,1.22,1.26,1.32,1.36,1.43,1.54,1.65,1.79,1477.355368
Myanmar,South-East Asia,Both sexes,2.96,2.96,3.1,3.33,3.34,3.41,3.46,3.54,3.67,3.75,3.88,1477.355368
Myanmar,South-East Asia,Male,5.09,5.08,5.33,5.74,5.73,5.82,5.87,5.98,6.13,6.16,6.3,1477.355368
Namibia,Africa,Both sexes,13.51,13.74,15.22,14.92,16.29,15.32,14.38,14.5,16.14,17.99,18.42,5037.342629
Namibia,Africa,Male,24.88,25.41,27.45,25.94,27.9,26.82,26.33,26.91,29.71,32.29,32.59,5037.342629
Namibia,Africa,Female,4.35,4.31,5.34,6.13,7.03,6.13,4.78,4.5,5.14,6.4,6.99,5037.342629
Nepal,South-East Asia,Female,2.94,2.96,2.96,2.97,2.97,2.97,3.02,3.04,3.06,2.99,2.97,1194.956876
Nepal,South-East Asia,Male,18.56,18.45,18.35,18.44,18.69,18.55,18.9,19.23,19.19,18.58,18.36,1194.956876
Nepal,South-East Asia,Both sexes,9.77,9.69,9.63,9.68,9.83,9.93,10.26,10.59,10.73,10.52,10.46,1194.956876
Netherlands,Europe,Both sexes,9.27,9.09,9.61,9.33,9.31,9.28,9.47,8.88,8.4,8.06,7.78,52295.03905
Netherlands,Europe,Female,6.06,6.43,6.01,5.93,6,5.93,5.6,5.59,5.15,4.67,4.53,52295.03905
Netherlands,Europe,Male,12.48,11.76,13.2,12.76,12.66,12.65,13.37,12.2,11.71,11.5,11.09,52295.03905
New Zealand,Western Pacific,Female,5.41,5.61,6.3,6,6.16,5.32,6.8,6.5,5.25,6.78,5.13,41999.36829
New Zealand,Western Pacific,Both sexes,10.3,10.66,12.14,11.52,11.13,10.59,11.56,12.35,10.99,12.02,10.94,41999.36829
New Zealand,Western Pacific,Male,15.39,15.93,18.23,17.24,16.37,16.1,16.61,18.4,16.95,17.55,17.05,41999.36829
Nicaragua,Americas,Both sexes,4.66,5.04,4.73,4.59,4.47,4.95,5.87,4.86,5.94,5.37,5.47,1926.699694
Nicaragua,Americas,Female,1.91,2.22,2.12,1.73,2.18,2.17,2.44,2.51,2.86,2.36,2.85,1926.699694
Nicaragua,Americas,Male,7.79,8.33,7.68,7.8,7.13,8.16,9.8,7.49,9.49,8.86,8.47,1926.699694
Niger,Africa,Both sexes,10.15,10.13,10.15,10.22,10.39,10.65,10.66,10.58,10.44,10.39,10.23,553.8949553
Niger,Africa,Female,6.42,6.42,6.44,6.49,6.58,6.7,6.7,6.69,6.64,6.63,6.59,553.8949553
Niger,Africa,Male,14.15,14.1,14.12,14.22,14.46,14.86,14.87,14.71,14.46,14.37,14.09,553.8949553
Nigeria,Africa,Male,10.13,10.25,10.45,10.72,10.86,11.31,11.99,12.52,13.08,13.24,13.44,2229.858652
Nigeria,Africa,Female,3.79,3.84,3.87,3.93,3.98,4.1,4.27,4.4,4.53,4.66,4.82,2229.858652
Nigeria,Africa,Both sexes,6.87,6.95,7.06,7.22,7.31,7.59,8.01,8.33,8.65,8.79,8.97,2229.858652
Norway,Europe,Male,13.4,13.7,14.04,14.7,13.93,14.49,13.71,14.16,16.92,15.13,16.3,75826.08188
Norway,Europe,Female,6.29,6.43,6.59,7.31,7.14,5.54,6.81,5.66,6.74,6.62,6.46,75826.08188
Norway,Europe,Both sexes,9.91,10.13,10.38,11.08,10.59,10.06,10.29,9.94,11.85,10.89,11.37,75826.08188
Oman,Eastern Mediterranean,Both sexes,4.47,4.37,4.53,4.52,4.7,4.68,4.79,4.85,5.47,6.1,6.02,15343.0435
Oman,Eastern Mediterranean,Male,6.43,6.25,6.51,6.52,6.8,6.7,6.86,6.92,7.87,8.85,8.84,15343.0435
Oman,Eastern Mediterranean,Female,1.12,1.13,1.2,1.23,1.28,1.29,1.31,1.35,1.46,1.6,1.53,15343.0435
Pakistan,Eastern Mediterranean,Female,4.75,4.77,4.88,4.93,4.91,4.97,5.02,5.03,5.1,5.17,5.24,1284.702047
Pakistan,Eastern Mediterranean,Both sexes,9.77,9.79,9.98,10.02,9.96,9.96,9.98,9.97,10.02,10.16,10.3,1284.702047
Pakistan,Eastern Mediterranean,Male,14.55,14.57,14.84,14.88,14.77,14.71,14.71,14.67,14.68,14.89,15.1,1284.702047
Panama,Americas,Male,4.8,4.9,5.55,5.72,4.87,7.2,6.46,6.63,6.82,7.59,8.68,15727.97449
Panama,Americas,Both sexes,2.86,2.92,3.21,3.35,2.95,4.15,3.54,3.75,3.95,4.33,5.06,15727.97449
Panama,Americas,Female,0.98,1.02,0.93,1.03,1.08,1.11,0.66,0.92,1.16,1.1,1.49,15727.97449
Papua New Guinea,Western Pacific,Male,5.21,5.14,5.14,5.31,5.32,5.27,5.03,5.08,4.87,4.88,4.68,2829.167085
Papua New Guinea,Western Pacific,Female,1.93,1.87,1.86,1.97,1.99,1.99,1.85,1.84,1.74,1.75,1.66,2829.167085
Papua New Guinea,Western Pacific,Both sexes,3.57,3.51,3.5,3.64,3.65,3.62,3.43,3.45,3.29,3.29,3.15,2829.167085
Paraguay,Americas,Male,9,8.91,8.85,8.34,8.39,8.01,7.42,6.25,6.69,5.44,7.03,5380.963322
Paraguay,Americas,Both sexes,6.16,6.1,6.13,5.64,5.85,5.95,5.07,4.7,4.68,3.82,4.74,5380.963322
Paraguay,Americas,Female,3.26,3.23,3.37,2.92,3.22,3.83,2.71,3.13,2.65,2.22,2.45,5380.963322
Peru,Americas,Male,4.1,4.11,4.11,3.96,4.16,4.47,4.8,4.95,5.14,5.39,5.04,7027.612207
Peru,Americas,Female,1.38,1.39,1.42,1.41,1.46,1.56,1.67,1.77,1.86,1.96,1.93,7027.612207
Peru,Americas,Both sexes,2.73,2.74,2.74,2.66,2.77,2.98,3.19,3.32,3.45,3.63,3.44,7027.612207
Philippines,Western Pacific,Both sexes,2.54,2.58,2.63,2.67,2.71,2.69,2.88,2.85,3.37,2.89,2.78,3485.340844
Philippines,Western Pacific,Female,1.32,1.31,1.29,1.28,1.27,1.17,1.47,1.47,1.77,1.53,1.52,3485.340844
Philippines,Western Pacific,Male,3.88,3.97,4.08,4.17,4.27,4.29,4.39,4.31,5.09,4.32,4.13,3485.340844
Poland,Europe,Male,16.46,18.63,19.69,20.5,23.48,25.8,27.01,27.71,27.22,28.02,28.72,15694.84082
Poland,Europe,Both sexes,9.3,10.4,11.06,11.37,13.15,14.5,15.06,15.29,14.98,15.51,16.11,15694.84082
Poland,Europe,Female,2.43,2.48,2.72,2.67,3.28,3.69,3.73,3.5,3.43,3.74,4.29,15694.84082
Portugal,Europe,Both sexes,7.22,7.5,7.86,7.38,8.31,9.23,7.98,8.48,7.94,8.83,8.65,23284.52723
Portugal,Europe,Female,3.46,3.84,3.94,3.19,4.76,4.42,3.57,3.15,3.44,4.2,3.67,23284.52723
Portugal,Europe,Male,11.58,11.75,12.43,12.23,12.54,14.88,13.16,14.76,13.29,14.41,14.49,23284.52723
Qatar,Eastern Mediterranean,Female,1.69,1.68,1.72,1.79,1.82,1.78,1.8,1.96,2.06,2.13,2.2,62087.97413
Qatar,Eastern Mediterranean,Both sexes,4.66,4.61,4.61,4.83,4.85,5.02,5.3,5.83,6.24,6.39,6.73,62087.97413
Qatar,Eastern Mediterranean,Male,5.66,5.57,5.56,5.81,5.83,6.04,6.37,7.02,7.56,7.86,8.22,62087.97413
Romania,Europe,Both sexes,7.33,7.71,7.83,7.76,9.06,8.97,9.86,10.34,9.86,10.71,10.04,12889.80961
Romania,Europe,Male,12.62,13.34,13.48,13.58,16.01,16.01,17.32,18.37,17.39,18.5,17.75,12889.80961
Romania,Europe,Female,2.37,2.46,2.47,2.33,2.46,2.29,2.8,2.72,2.76,3.38,2.86,12889.80961
Russian Federation,Europe,Male,38.18,41.43,43.27,47.72,49.47,52.47,51.96,53.15,55.39,59,59.49,11497.64925
Russian Federation,Europe,Both sexes,21.6,23.4,24.41,26.89,27.87,29.37,29.13,29.83,31.1,33.01,33.32,11497.64925
Russian Federation,Europe,Female,7.23,7.79,8.01,8.7,8.97,9.09,9.08,9.4,9.83,10.29,10.44,11497.64925
Rwanda,Africa,Both sexes,9.45,9.52,9.62,9.73,9.89,10.07,10.13,10.56,10.93,11.5,12.06,820.1492886
Rwanda,Africa,Male,14.76,14.89,15,15.07,15.24,15.46,15.47,15.96,16.43,17.22,17.97,820.1492886
Rwanda,Africa,Female,5.04,5.06,5.15,5.3,5.45,5.58,5.68,6.04,6.33,6.72,7.08,820.1492886
Samoa,Western Pacific,Both sexes,14.6,14.8,14.75,15.03,14.94,14.92,14.12,14.75,14.79,14.83,13.01,4324.101774
Samoa,Western Pacific,Male,20.9,21.19,21.23,21.58,21.47,21.43,20.2,21.22,21.28,21.44,18.66,4324.101774
Samoa,Western Pacific,Female,7.8,7.89,7.78,8,7.95,7.96,7.66,7.89,7.93,7.83,7.05,4324.101774
Sao Tome and Principe,Africa,Male,3.34,3.27,3.29,3.24,3.26,3.33,3.23,3.24,3.09,3.17,3.29,1987.579702
Sao Tome and Principe,Africa,Both sexes,2.2,2.17,2.19,2.16,2.18,2.24,2.19,2.24,2.11,2.18,2.25,1987.579702
Sao Tome and Principe,Africa,Female,1.15,1.16,1.18,1.17,1.19,1.24,1.25,1.33,1.22,1.27,1.32,1987.579702
Saudi Arabia,Eastern Mediterranean,Male,7.79,7.99,8.22,8.46,8.49,9,8.98,9.07,8.81,8.12,7.57,23139.79798
Saudi Arabia,Eastern Mediterranean,Female,1.91,2,2.09,2.19,2.28,2.41,2.47,2.58,2.45,2.11,1.88,23139.79798
Saudi Arabia,Eastern Mediterranean,Both sexes,5.43,5.57,5.74,5.9,5.95,6.3,6.31,6.41,6.2,5.66,5.23,23139.79798
Senegal,Africa,Male,18.53,18.73,19.01,19.24,19.65,19.8,19.93,20.11,20.03,20.52,20.63,1430.148259
Senegal,Africa,Female,5.18,5.31,5.44,5.54,5.73,5.85,5.98,5.96,5.86,5.9,5.76,1430.148259
Senegal,Africa,Both sexes,10.99,11.16,11.37,11.53,11.81,11.97,12.12,12.2,12.12,12.37,12.39,1430.148259
Serbia,Europe,Both sexes,7.86,7.86,0.33,10.58,11.69,12.02,13.03,13.28,13.17,12.42,14.8,7411.558649
Serbia,Europe,Female,3.89,3.87,0.37,5.24,5.59,5.51,6,5.96,6.49,5.62,7.21,7411.558649
Serbia,Europe,Male,12.22,12.24,0.26,16.47,18.42,19.25,20.83,21.37,20.64,20.02,23.24,7411.558649
Seychelles,Africa,Both sexes,7.73,7.87,7.93,7.64,7.65,7.52,7.3,7.33,7.46,7.42,7.29,16198.51748
Seychelles,Africa,Female,1.33,1.36,1.38,1.37,1.4,1.43,1.42,1.46,1.44,1.47,1.5,16198.51748
Seychelles,Africa,Male,14,14.24,14.33,13.79,13.78,13.51,13.13,13.16,13.4,13.39,13.25,16198.51748
Sierra Leone,Africa,Both sexes,11.25,11.2,10.94,10.83,10.53,10.95,11.35,11.84,11.74,12.16,11.93,527.5341745
Sierra Leone,Africa,Female,8.18,8.11,7.91,7.81,7.44,7.63,7.99,8.3,8.28,8.44,8.14,527.5341745
Sierra Leone,Africa,Male,14.8,14.76,14.44,14.33,14.09,14.76,15.19,15.88,15.73,16.42,16.27,527.5341745
Singapore,Western Pacific,Both sexes,9.65,7.76,7.25,7.3,7.56,8.22,8.49,9.16,7.86,8.23,9.03,65640.70795
Singapore,Western Pacific,Male,12.67,10.37,9.45,9.34,10.03,11.81,11.95,11.6,10.15,10.83,12.63,65640.70795
Singapore,Western Pacific,Female,6.37,5,5.07,5.16,4.98,4.54,4.95,6.7,5.59,5.68,5.35,65640.70795
Slovenia,Europe,Female,5.54,5.48,5.31,5.11,5.86,4.32,5.54,5.36,5.95,5.1,6.4,25940.72803
Slovenia,Europe,Both sexes,13.97,12.79,14.29,14.29,14.75,14.36,16.16,15.9,15.46,15.56,16.78,25940.72803
Slovenia,Europe,Male,22.67,20.41,23.74,23.64,24.16,24.68,27.17,27.07,25.85,26.67,27.48,25940.72803
Solomon Islands,Western Pacific,Male,32.25,32.95,33.11,33.14,33.33,33.64,33.8,34.18,34.46,34.53,34.67,2344.231634
Solomon Islands,Western Pacific,Both sexes,17.37,17.74,17.81,17.83,17.94,18.1,18.19,18.39,18.54,18.6,18.7,2344.231634
Solomon Islands,Western Pacific,Female,2.41,2.44,2.45,2.48,2.52,2.55,2.57,2.6,2.63,2.63,2.65,2344.231634
Somalia,Eastern Mediterranean,Both sexes,14.66,14.81,14.87,14.83,15.03,15.16,15.2,15.28,15.32,15.38,15.95,320.0381483
Somalia,Eastern Mediterranean,Female,7.07,7.15,7.21,7.2,7.33,7.37,7.35,7.26,7.32,7.25,7.49,320.0381483
Somalia,Eastern Mediterranean,Male,22.75,22.95,23,22.93,23.19,23.39,23.47,23.7,23.69,23.89,24.77,320.0381483
South Africa,Africa,Male,37.88,39.75,42.2,41.04,41.61,41.15,40.9,39.47,38.21,41.85,45.8,6001.401121
South Africa,Africa,Female,9.83,9.81,10.34,10.46,10.41,10.33,10.28,10.8,11.7,13.11,13.86,6001.401121
South Africa,Africa,Both sexes,23.49,24.39,25.84,25.31,25.55,25.28,25.12,24.63,24.43,26.92,29.24,6001.401121
South Sudan,Africa,Female,3.38,3.33,3.31,3.33,3.34,3.3,3.3,3.42,3.38,3.46,3.49,NA
South Sudan,Africa,Both sexes,6.69,6.65,6.41,6.48,6.41,6.22,6.47,6.71,6.61,6.64,6.71,NA
South Sudan,Africa,Male,10.38,10.33,9.87,10,9.84,9.48,10.02,10.39,10.24,10.23,10.34,NA
Spain,Europe,Female,2.83,2.85,2.99,2.83,2.94,3.15,3.06,2.59,2.36,2.21,2.47,29564.7449
Spain,Europe,Male,7.88,8.07,8.73,8.41,8.52,9.47,9.45,8.86,7.99,8.08,8.97,29564.7449
Spain,Europe,Both sexes,5.28,5.38,5.77,5.54,5.64,6.21,6.16,5.63,5.1,5.05,5.62,29564.7449
Sri Lanka,South-East Asia,Both sexes,12.89,13.24,13.67,14.17,14.7,12.72,14.98,16.4,17.85,21.87,22.72,3851.56099
Sri Lanka,South-East Asia,Male,20.94,21.5,22.23,23.07,23.95,21.48,24.51,26.94,29.54,33.55,38.05,3851.56099
Sri Lanka,South-East Asia,Female,6.1,6.25,6.4,6.56,6.73,5.11,6.72,7.08,7.45,11.5,8.72,3851.56099
Sudan,Eastern Mediterranean,Female,3.26,3.32,3.33,3.32,3.3,3.36,3.44,3.44,3.58,3.47,3.51,753.2821741
Sudan,Eastern Mediterranean,Both sexes,4.76,4.81,4.8,4.84,4.89,4.99,5.11,5.09,5.28,5.15,5.22,753.2821741
Sudan,Eastern Mediterranean,Male,6.34,6.39,6.35,6.44,6.56,6.7,6.88,6.84,7.07,6.92,7.03,753.2821741
Suriname,Americas,Both sexes,25.89,26.23,25.37,25.47,25.91,25.94,26.54,26.82,26.02,27.42,26.53,7261.16561
Suriname,Americas,Female,11.79,11.94,11.72,11.78,11.81,11.71,11.77,11.64,11.56,12.12,12.09,7261.16561
Suriname,Americas,Male,41.33,41.84,40.26,40.31,41.09,41.19,42.28,42.96,41.44,43.66,41.89,7261.16561
Sweden,Europe,Male,16.95,17.27,17.2,16.74,18.26,16.6,17.94,17.07,16.76,17.2,18.51,51686.85135
Sweden,Europe,Female,7.73,8.05,7.75,7.48,7.76,7.94,8.1,7.44,7.2,6.82,7.71,51686.85135
Sweden,Europe,Both sexes,12.37,12.69,12.5,12.15,13.02,12.28,13.04,12.25,12,12.01,13.09,51686.85135
Switzerland,Europe,Female,5.65,5.68,5.86,5.52,6.03,6.04,6.1,5.98,5.78,6.22,6.56,85300.34797
Switzerland,Europe,Both sexes,9.83,9.88,10.37,9.76,10.5,10.01,10.7,10.49,10.51,10.54,12.1,85300.34797
Switzerland,Europe,Male,14.16,14.24,15.03,14.17,15.17,14.21,15.57,15.24,15.46,15.09,17.96,85300.34797
Syrian Arab Republic,Eastern Mediterranean,Male,3.51,3.48,3.24,2.96,3.16,3.32,3.24,3.05,2.93,2.93,2.9,NA
Syrian Arab Republic,Eastern Mediterranean,Both sexes,2.11,2.1,1.98,1.83,1.95,2.06,2.01,1.89,1.8,1.81,1.79,NA
Syrian Arab Republic,Eastern Mediterranean,Female,0.75,0.77,0.76,0.73,0.77,0.81,0.8,0.75,0.7,0.71,0.68,NA
Tajikistan,Europe,Both sexes,5.32,5.29,5.29,5.38,5.19,5.11,5.04,5.08,5.06,4.98,4.9,890.5444024
Tajikistan,Europe,Male,7.35,7.24,7.14,7.23,7.06,7.02,6.95,7.05,7.07,7,6.96,890.5444024
Tajikistan,Europe,Female,3.38,3.43,3.51,3.61,3.4,3.27,3.19,3.17,3.11,3.01,2.89,890.5444024
Thailand,South-East Asia,Male,13.87,13.64,12.82,12.99,12.11,11.44,10.8,11.49,11.63,11.69,11.54,7817.011522
Thailand,South-East Asia,Both sexes,7.95,7.9,7.49,7.59,7.15,6.87,6.59,7.03,7.17,7.29,7.27,7817.011522
Thailand,South-East Asia,Female,2.3,2.42,2.43,2.48,2.48,2.57,2.65,2.85,2.98,3.17,3.25,7817.011522
Timor-Leste,South-East Asia,Male,6.69,6.57,6.5,6.5,6.42,6.16,6.1,6.14,6.06,5.85,6.09,1560.508615
Timor-Leste,South-East Asia,Both sexes,4.53,4.46,4.4,4.45,4.38,4.24,4.23,4.28,4.3,4.15,4.41,1560.508615
Timor-Leste,South-East Asia,Female,2.42,2.4,2.34,2.44,2.37,2.37,2.41,2.47,2.59,2.52,2.8,1560.508615
Togo,Africa,Male,23.99,24.1,24.97,25.62,26.66,27.87,28.47,28.73,28.77,29.01,29.42,893.3524541
Togo,Africa,Female,6.45,6.49,6.7,7.22,7.67,7.92,8.1,8.33,8.51,8.46,8.61,893.3524541
Togo,Africa,Both sexes,14.81,14.88,15.4,15.97,16.69,17.41,17.79,18.02,18.12,18.2,18.47,893.3524541
Tonga,Western Pacific,Both sexes,4.37,4.57,4.78,4.77,5.3,5.35,5.27,5.25,5.21,5.34,5.06,4903.012138
Tonga,Western Pacific,Male,5.88,6.14,6.44,6.42,7.29,7.36,7.21,7.18,7.11,7.33,6.96,4903.012138
Tonga,Western Pacific,Female,2.94,3.08,3.23,3.23,3.43,3.46,3.43,3.42,3.41,3.45,3.24,4903.012138
Trinidad and Tobago,Americas,Female,3.66,3.75,4.08,4.21,4.28,4.32,4.46,4.74,3.92,4.54,4.04,16637.16294
Trinidad and Tobago,Americas,Both sexes,8.28,8.5,8.96,9.23,9.54,9.83,10.14,8.86,9.2,10.59,10.42,16637.16294
Trinidad and Tobago,Americas,Male,13.09,13.44,14.04,14.46,15.02,15.57,16.06,13.22,14.73,16.92,17.05,16637.16294
Tunisia,Eastern Mediterranean,Female,1.84,1.84,1.83,1.82,1.86,1.91,1.95,1.99,2.03,2.1,2.15,3351.573443
Tunisia,Eastern Mediterranean,Both sexes,3.18,3.09,3.01,2.98,3.03,3.1,3.17,3.24,3.29,3.37,3.43,3351.573443
Tunisia,Eastern Mediterranean,Male,4.6,4.44,4.29,4.22,4.29,4.38,4.47,4.57,4.64,4.72,4.79,3351.573443
Turkey,Europe,Both sexes,2.34,2.25,2.26,2.26,2.26,2.3,2.27,2.24,2.28,2.47,2.47,9126.594392
Turkey,Europe,Male,3.59,3.41,3.39,3.37,3.37,3.47,3.45,3.41,3.47,3.74,3.74,9126.594392
Turkey,Europe,Female,1.19,1.19,1.23,1.26,1.26,1.25,1.2,1.19,1.21,1.32,1.33,9126.594392
Turkmenistan,Europe,Female,2.91,2.93,3.02,3.24,3.44,3.47,3.93,3.73,3.96,3.98,4.34,7612.03518
Turkmenistan,Europe,Both sexes,6.07,6.09,6.23,6.59,6.62,7.11,7.42,7.36,7.82,8.65,9.6,7612.03518
Turkmenistan,Europe,Male,9.41,9.44,9.64,10.15,9.99,10.97,11.16,11.25,11.99,13.66,15.24,7612.03518
Uganda,Africa,Male,19.39,19.21,19.3,20.49,20.71,21.62,23.6,25.07,26.85,27.21,28.56,794.4514454
Uganda,Africa,Female,3.7,3.52,3.64,4.01,3.85,3.76,3.94,4.31,5.21,5.33,5.7,794.4514454
Uganda,Africa,Both sexes,10.45,10.25,10.34,11.06,11.04,11.4,12.38,13.23,14.47,14.64,15.48,794.4514454
Ukraine,Europe,Male,32.7,33.3,31.3,32.4,32.96,37.61,34.36,35.16,35.12,37.33,40.47,3662.563087
Ukraine,Europe,Female,4.65,4.63,4.49,4.74,4.86,5.34,5.15,5.14,5.08,5.47,5.73,3662.563087
Ukraine,Europe,Both sexes,17.73,17.99,16.94,17.56,17.87,20.39,18.66,19.02,18.95,20.17,21.81,3662.563087
United Arab Emirates,Eastern Mediterranean,Male,6.29,5.98,5.68,5.92,6.27,6.66,6.96,7.18,7.32,7.45,7.62,43103.33629
United Arab Emirates,Eastern Mediterranean,Female,2.63,2.6,2.56,2.6,2.71,2.83,2.95,3.01,3.08,3.14,3.19,43103.33629
United Arab Emirates,Eastern Mediterranean,Both sexes,5.24,5.01,4.78,4.97,5.25,5.6,5.91,6.13,6.29,6.42,6.58,43103.33629
Uruguay,Americas,Male,31.12,31.48,30.82,30.32,27.71,25.48,23.07,27.09,24.7,23.32,22.68,17688.01501
Uruguay,Americas,Female,7.67,7.36,7.48,8.32,6.72,7.01,6.22,6.29,6.49,6.35,5.27,17688.01501
Uruguay,Americas,Both sexes,18.83,18.85,18.54,18.7,16.66,15.77,14.16,16.1,15.02,14.26,13.37,17688.01501
Uzbekistan,Europe,Both sexes,8.28,8.73,8.92,9.21,9.2,9.03,8.92,8.98,8.57,8.3,8.22,1719.05721
Uzbekistan,Europe,Female,4.93,5.15,5.29,5.52,5.44,5.16,5.13,5.09,4.64,4.29,4.16,1719.05721
Uzbekistan,Europe,Male,11.84,12.53,12.79,13.15,13.21,13.17,12.96,13.14,12.76,12.56,12.53,1719.05721
Vanuatu,Western Pacific,Female,9.01,8.92,8.84,8.82,9.01,8.91,9.25,9.35,9.19,9.49,9.73,3102.34679
Vanuatu,Western Pacific,Male,33.1,33.46,33.54,33.34,33.5,33.48,34.33,34.56,34.34,34.8,35.17,3102.34679
Vanuatu,Western Pacific,Both sexes,20.96,21.09,21.09,21,21.18,21.14,21.76,21.94,21.76,22.15,22.48,3102.34679
Zambia,Africa,Female,5.28,5.99,6.62,6.73,7.1,7.87,8.5,8.7,9.23,9.22,8.4,1305.002214
Zambia,Africa,Male,25.74,28.12,29.13,29.14,29.98,30.2,29.96,31.11,33.36,33.26,32.59,1305.002214
Zambia,Africa,Both sexes,14.43,15.9,16.67,16.71,17.26,17.74,17.91,18.52,19.82,19.71,19.02,1305.002214
Zimbabwe,Africa,Both sexes,23.63,23.87,25.85,28.7,30.74,30.83,31.4,33.07,34.3,35.01,35.24,1156.154864
Zimbabwe,Africa,Female,13.46,13.48,15,17.71,19.19,21.14,21.34,20.91,21.79,23.88,26.94,1156.154864
Zimbabwe,Africa,Male,37.81,38.55,41.31,44.48,47.37,45.26,46.38,50.67,52.43,51.61,48.27,1156.154864
